indoor_id,building_id,building_name,floor,room_or_facility,type,stairs,elevator,ramp,data_status,notes
1001,1,CSIT Block,-1,Basement,Floor,1,0,0,Assumed for prototype,Assumed for prototype
1002,1,CSIT Block,0,Floor 0 Common Area,Floor,1,1,1,Assumed for prototype,Assumed for prototype
1003,1,CSIT Block,1,Floor 1 Common Area,Floor,1,1,1,Assumed for prototype,Assumed for prototype
1004,1,CSIT Block,2,Floor 2 Common Area,Floor,1,1,1,Assumed for prototype,Assumed for prototype
1005,1,CSIT Block,3,Floor 3 Common Area,Floor,1,1,1,Assumed for prototype,Assumed for prototype
1006,1,CSIT Block,4,Floor 4 Common Area,Floor,1,1,1,Assumed for prototype,Assumed for prototype
1007,1,CSIT Block,5,Floor 5 Common Area,Floor,1,1,1,Assumed for prototype,Assumed for prototype
1008,3,B.Tech Block,1,Floor 1 Common Area,Floor,1,1,1,Assumed for prototype,Assumed for prototype
1009,3,B.Tech Block,2,Floor 2 Common Area,Floor,1,1,1,Assumed for prototype,Assumed for prototype
1010,3,B.Tech Block,3,Floor 3 Common Area,Floor,1,1,1,Assumed for prototype,Assumed for prototype
1011,3,B.Tech Block,4,Floor 4 Common Area,Floor,1,1,1,Assumed for prototype,Assumed for prototype
1012,3,B.Tech Block,5,Floor 5 Common Area,Floor,1,1,1,Assumed for prototype,Assumed for prototype
1013,4,Shantos Library,1,Floor 1 Common Area,Floor,1,1,1,Assumed for prototype,Assumed for prototype
1014,4,Shantos Library,2,Floor 2 Common Area,Floor,1,1,1,Assumed for prototype,Assumed for prototype
1015,4,Shantos Library,3,Floor 3 Common Area,Floor,1,1,1,Assumed for prototype,Assumed for prototype
1016,5,Civil Block,1,Floor 1 Common Area,Floor,1,0,0,Assumed for prototype,Assumed for prototype
1017,5,Civil Block,2,Floor 2 Common Area,Floor,1,0,0,Assumed for prototype,Assumed for prototype
1018,5,Civil Block,3,Floor 3 Common Area,Floor,1,0,0,Assumed for prototype,Assumed for prototype
1019,5,Civil Block,4,Floor 4 Common Area,Floor,1,0,0,Assumed for prototype,Assumed for prototype
1020,6,Param Block,1,Floor 1 Common Area,Floor,1,1,1,Assumed for prototype,Assumed for prototype
1021,6,Param Block,2,Floor 2 Common Area,Floor,1,1,1,Assumed for prototype,Assumed for prototype
1022,6,Param Block,3,Floor 3 Common Area,Floor,1,1,1,Assumed for prototype,Assumed for prototype
1023,6,Param Block,4,Floor 4 Common Area,Floor,1,1,1,Assumed for prototype,Assumed for prototype
1024,7,Aryabhatt Lab,1,Floor 1 Common Area,Floor,1,1,1,Assumed for prototype,Assumed for prototype
1025,7,Aryabhatt Lab,2,Floor 2 Common Area,Floor,1,1,1,Assumed for prototype,Assumed for prototype
1026,7,Aryabhatt Lab,3,Floor 3 Common Area,Floor,1,1,1,Assumed for prototype,Assumed for prototype
1027,7,Aryabhatt Lab,4,Floor 4 Common Area,Floor,1,1,1,Assumed for prototype,Assumed for prototype
1028,8,Petroleum Block,1,Floor 1 Common Area,Floor,1,1,1,Assumed for prototype,Assumed for prototype
1029,8,Petroleum Block,2,Floor 2 Common Area,Floor,1,1,1,Assumed for prototype,Assumed for prototype
1030,8,Petroleum Block,3,Floor 3 Common Area,Floor,1,1,1,Assumed for prototype,Assumed for prototype
1031,8,Petroleum Block,4,Floor 4 Common Area,Floor,1,1,1,Assumed for prototype,Assumed for prototype
1032,8,Petroleum Block,5,Floor 5 Common Area,Floor,1,1,1,Assumed for prototype,Assumed for prototype
1033,9,Chanakya Block,1,Floor 1 Common Area,Floor,1,1,1,Assumed for prototype,Assumed for prototype
1034,9,Chanakya Block,2,Floor 2 Common Area,Floor,1,1,1,Assumed for prototype,Assumed for prototype
1035,9,Chanakya Block,3,Floor 3 Common Area,Floor,1,1,1,Assumed for prototype,Assumed for prototype
1036,9,Chanakya Block,4,Floor 4 Common Area,Floor,1,1,1,Assumed for prototype,Assumed for prototype
1037,10,K.P Nautiyal Block,1,Floor 1 Common Area,Floor,1,1,1,Assumed for prototype,Assumed for prototype
1038,10,K.P Nautiyal Block,2,Floor 2 Common Area,Floor,1,1,1,Assumed for prototype,Assumed for prototype
1039,10,K.P Nautiyal Block,3,Floor 3 Common Area,Floor,1,1,1,Assumed for prototype,Assumed for prototype
1040,10,K.P Nautiyal Block,4,Floor 4 Common Area,Floor,1,1,1,Assumed for prototype,Assumed for prototype
1041,11,Priyadrashani Hostel,1,Floor 1 Common Area,Floor,1,1,1,Assumed for prototype,Assumed for prototype
1042,11,Priyadrashani Hostel,2,Floor 2 Common Area,Floor,1,1,1,Assumed for prototype,Assumed for prototype
1043,11,Priyadrashani Hostel,3,Floor 3 Common Area,Floor,1,1,1,Assumed for prototype,Assumed for prototype
1044,11,Priyadrashani Hostel,4,Floor 4 Common Area,Floor,1,1,1,Assumed for prototype,Assumed for prototype
1045,16,Graphic Era Hospital,1,Floor 1 Common Area,Floor,1,1,1,Assumed for prototype,Assumed for prototype
1046,16,Graphic Era Hospital,2,Floor 2 Common Area,Floor,1,1,1,Assumed for prototype,Assumed for prototype
1047,16,Graphic Era Hospital,3,Floor 3 Common Area,Floor,1,1,1,Assumed for prototype,Assumed for prototype
1048,16,Graphic Era Hospital,4,Floor 4 Common Area,Floor,1,1,1,Assumed for prototype,Assumed for prototype
1049,17,Vishwakarma Block,1,Floor 1 Common Area,Floor,1,1,1,Assumed for prototype,Assumed for prototype
1050,17,Vishwakarma Block,2,Floor 2 Common Area,Floor,1,1,1,Assumed for prototype,Assumed for prototype
1051,17,Vishwakarma Block,3,Floor 3 Common Area,Floor,1,1,1,Assumed for prototype,Assumed for prototype
1052,17,Vishwakarma Block,4,Floor 4 Common Area,Floor,1,1,1,Assumed for prototype,Assumed for prototype
1053,23,Lakshmi Bai Hostel,1,Floor 1 Common Area,Floor,1,1,1,Assumed for prototype,Assumed for prototype
1054,23,Lakshmi Bai Hostel,2,Floor 2 Common Area,Floor,1,1,1,Assumed for prototype,Assumed for prototype
1055,23,Lakshmi Bai Hostel,3,Floor 3 Common Area,Floor,1,1,1,Assumed for prototype,Assumed for prototype
1056,23,Lakshmi Bai Hostel,4,Floor 4 Common Area,Floor,1,1,1,Assumed for prototype,Assumed for prototype
1057,23,Lakshmi Bai Hostel,5,Floor 5 Common Area,Floor,1,1,1,Assumed for prototype,Assumed for prototype
1058,25,Marina Hostel,1,Floor 1 Common Area,Floor,1,1,1,Assumed for prototype,Assumed for prototype
1059,25,Marina Hostel,2,Floor 2 Common Area,Floor,1,1,1,Assumed for prototype,Assumed for prototype
1060,25,Marina Hostel,3,Floor 3 Common Area,Floor,1,1,1,Assumed for prototype,Assumed for prototype
1061,25,Marina Hostel,4,Floor 4 Common Area,Floor,1,1,1,Assumed for prototype,Assumed for prototype
1062,27,GEHU,1,Floor 1 Common Area,Floor,1,1,1,Assumed for prototype,Assumed for prototype
1063,27,GEHU,2,Floor 2 Common Area,Floor,1,1,1,Assumed for prototype,Assumed for prototype
1064,27,GEHU,3,Floor 3 Common Area,Floor,1,1,1,Assumed for prototype,Assumed for prototype
1065,27,GEHU,4,Floor 4 Common Area,Floor,1,1,1,Assumed for prototype,Assumed for prototype
1066,1,CSIT Block,1,Lecture Theatre 1,Lecture Theatre,1,1,1,Assumed for prototype,Assumed for prototype
1067,1,CSIT Block,1,Lecture Theatre 2,Lecture Theatre,1,1,1,Assumed for prototype,Assumed for prototype
1068,1,CSIT Block,1,Classroom 1,Classroom,1,1,1,Assumed for prototype,Assumed for prototype
1069,1,CSIT Block,1,Classroom 2,Classroom,1,1,1,Assumed for prototype,Assumed for prototype
1070,1,CSIT Block,1,Classroom 3,Classroom,1,1,1,Assumed for prototype,Assumed for prototype
1071,1,CSIT Block,1,Classroom 4,Classroom,1,1,1,Assumed for prototype,Assumed for prototype
1072,1,CSIT Block,2,Lecture Theatre 1,Lecture Theatre,1,1,1,Assumed for prototype,Assumed for prototype
1073,1,CSIT Block,2,Lecture Theatre 2,Lecture Theatre,1,1,1,Assumed for prototype,Assumed for prototype
1074,1,CSIT Block,2,Classroom 1,Classroom,1,1,1,Assumed for prototype,Assumed for prototype
1075,1,CSIT Block,2,Classroom 2,Classroom,1,1,1,Assumed for prototype,Assumed for prototype
1076,1,CSIT Block,2,Classroom 3,Classroom,1,1,1,Assumed for prototype,Assumed for prototype
1077,1,CSIT Block,2,Classroom 4,Classroom,1,1,1,Assumed for prototype,Assumed for prototype
1078,1,CSIT Block,3,Lecture Theatre 1,Lecture Theatre,1,1,1,Assumed for prototype,Assumed for prototype
1079,1,CSIT Block,3,Lecture Theatre 2,Lecture Theatre,1,1,1,Assumed for prototype,Assumed for prototype
1080,1,CSIT Block,3,Classroom 1,Classroom,1,1,1,Assumed for prototype,Assumed for prototype
1081,1,CSIT Block,3,Classroom 2,Classroom,1,1,1,Assumed for prototype,Assumed for prototype
1082,1,CSIT Block,3,Classroom 3,Classroom,1,1,1,Assumed for prototype,Assumed for prototype
1083,1,CSIT Block,3,Classroom 4,Classroom,1,1,1,Assumed for prototype,Assumed for prototype
1084,1,CSIT Block,4,Lecture Theatre 1,Lecture Theatre,1,1,1,Assumed for prototype,Assumed for prototype
1085,1,CSIT Block,4,Lecture Theatre 2,Lecture Theatre,1,1,1,Assumed for prototype,Assumed for prototype
1086,1,CSIT Block,4,Classroom 1,Classroom,1,1,1,Assumed for prototype,Assumed for prototype
1087,1,CSIT Block,4,Classroom 2,Classroom,1,1,1,Assumed for prototype,Assumed for prototype
1088,1,CSIT Block,4,Classroom 3,Classroom,1,1,1,Assumed for prototype,Assumed for prototype
1089,1,CSIT Block,4,Classroom 4,Classroom,1,1,1,Assumed for prototype,Assumed for prototype
1090,1,CSIT Block,5,Lecture Theatre 1,Lecture Theatre,1,1,1,Assumed for prototype,Assumed for prototype
1091,1,CSIT Block,5,Lecture Theatre 2,Lecture Theatre,1,1,1,Assumed for prototype,Assumed for prototype
1092,1,CSIT Block,5,Classroom 1,Classroom,1,1,1,Assumed for prototype,Assumed for prototype
1093,1,CSIT Block,5,Classroom 2,Classroom,1,1,1,Assumed for prototype,Assumed for prototype
1094,1,CSIT Block,5,Classroom 3,Classroom,1,1,1,Assumed for prototype,Assumed for prototype
1095,1,CSIT Block,5,Classroom 4,Classroom,1,1,1,Assumed for prototype,Assumed for prototype
1096,1,CSIT Block,-1,Computer Lab 1,Computer Lab,1,0,0,Assumed for prototype,Assumed for prototype
1097,1,CSIT Block,-1,Computer Lab 2,Computer Lab,1,0,0,Assumed for prototype,Assumed for prototype
1098,1,CSIT Block,-1,Computer Lab 3,Computer Lab,1,0,0,Assumed for prototype,Assumed for prototype
1099,1,CSIT Block,-1,Computer Lab 4,Computer Lab,1,0,0,Assumed for prototype,Assumed for prototype
1100,1,CSIT Block,-1,Computer Lab 5,Computer Lab,1,0,0,Assumed for prototype,Assumed for prototype
1101,1,CSIT Block,2,Computer Lab 6,Computer Lab,1,1,1,Assumed for prototype,Assumed for prototype
1102,1,CSIT Block,2,Computer Lab 7,Computer Lab,1,1,1,Assumed for prototype,Assumed for prototype
1103,1,CSIT Block,5,TBI Office,Office,1,1,1,Assumed for prototype,Assumed for prototype
1104,3,B.Tech Block,1,Lecture Theatre 1,Lecture Theatre,1,1,1,Assumed for prototype,Assumed for prototype
1105,3,B.Tech Block,1,Classroom 1,Classroom,1,1,1,Assumed for prototype,Assumed for prototype
1106,3,B.Tech Block,1,Classroom 2,Classroom,1,1,1,Assumed for prototype,Assumed for prototype
1107,3,B.Tech Block,1,Classroom 3,Classroom,1,1,1,Assumed for prototype,Assumed for prototype
1108,3,B.Tech Block,2,Lecture Theatre 1,Lecture Theatre,1,1,1,Assumed for prototype,Assumed for prototype
1109,3,B.Tech Block,2,Classroom 1,Classroom,1,1,1,Assumed for prototype,Assumed for prototype
1110,3,B.Tech Block,2,Classroom 2,Classroom,1,1,1,Assumed for prototype,Assumed for prototype
1111,3,B.Tech Block,2,Classroom 3,Classroom,1,1,1,Assumed for prototype,Assumed for prototype
1112,3,B.Tech Block,3,Lecture Theatre 1,Lecture Theatre,1,1,1,Assumed for prototype,Assumed for prototype
1113,3,B.Tech Block,3,Classroom 1,Classroom,1,1,1,Assumed for prototype,Assumed for prototype
1114,3,B.Tech Block,3,Classroom 2,Classroom,1,1,1,Assumed for prototype,Assumed for prototype
1115,3,B.Tech Block,3,Classroom 3,Classroom,1,1,1,Assumed for prototype,Assumed for prototype
1116,3,B.Tech Block,4,Lecture Theatre 1,Lecture Theatre,1,1,1,Assumed for prototype,Assumed for prototype
1117,3,B.Tech Block,4,Classroom 1,Classroom,1,1,1,Assumed for prototype,Assumed for prototype
1118,3,B.Tech Block,4,Classroom 2,Classroom,1,1,1,Assumed for prototype,Assumed for prototype
1119,3,B.Tech Block,4,Classroom 3,Classroom,1,1,1,Assumed for prototype,Assumed for prototype
1120,3,B.Tech Block,5,Lecture Theatre 1,Lecture Theatre,1,1,1,Assumed for prototype,Assumed for prototype
1121,3,B.Tech Block,5,Classroom 1,Classroom,1,1,1,Assumed for prototype,Assumed for prototype
1122,3,B.Tech Block,5,Classroom 2,Classroom,1,1,1,Assumed for prototype,Assumed for prototype
1123,3,B.Tech Block,5,Classroom 3,Classroom,1,1,1,Assumed for prototype,Assumed for prototype
1124,3,B.Tech Block,2,Electronic Lab 1,Electronic Lab,1,1,1,Assumed for prototype,Assumed for prototype
1125,3,B.Tech Block,2,Electronic Lab 2,Electronic Lab,1,1,1,Assumed for prototype,Assumed for prototype
1126,3,B.Tech Block,2,Electronic Lab 3,Electronic Lab,1,1,1,Assumed for prototype,Assumed for prototype
1127,4,Shantos Library,3,Digital Lab 1,Digital Lab,1,1,1,Assumed for prototype,Assumed for prototype
1128,4,Shantos Library,3,Digital Lab 2,Digital Lab,1,1,1,Assumed for prototype,Assumed for prototype
1129,5,Civil Block,1,Classroom 1,Classroom,1,0,0,Assumed for prototype,Assumed for prototype
1130,5,Civil Block,1,Classroom 2,Classroom,1,0,0,Assumed for prototype,Assumed for prototype
1131,5,Civil Block,2,Classroom 1,Classroom,1,0,0,Assumed for prototype,Assumed for prototype
1132,5,Civil Block,2,Classroom 2,Classroom,1,0,0,Assumed for prototype,Assumed for prototype
1133,5,Civil Block,3,Classroom 1,Classroom,1,0,0,Assumed for prototype,Assumed for prototype
1134,5,Civil Block,3,Classroom 2,Classroom,1,0,0,Assumed for prototype,Assumed for prototype
1135,5,Civil Block,4,Classroom 1,Classroom,1,0,0,Assumed for prototype,Assumed for prototype
1136,5,Civil Block,4,Classroom 2,Classroom,1,0,0,Assumed for prototype,Assumed for prototype
