source_id,destination_id,distance_m,walking_time_min,stairs,elevator,ramp,blocked
1,2,10,0.2,0,0,1,0
2,3,10,0.2,0,0,1,0
3,4,10,0.2,0,0,1,0
4,5,10,0.2,0,0,1,0
6,7,10,0.2,0,0,1,0
7,8,10,0.2,0,0,1,0
8,9,10,0.2,0,0,1,0
9,10,10,0.2,0,0,1,0
10,11,10,0.2,0,0,1,0
11,12,10,0.2,0,0,1,0
13,14,10,0.2,0,0,1,0
14,15,10,0.2,0,0,1,0
15,16,10,0.2,0,0,1,0
16,17,10,0.2,0,0,1,0
17,18,10,0.2,0,0,1,0
18,19,10,0.2,0,0,1,0
20,21,10,0.2,0,0,1,0
21,22,10,0.2,0,0,1,0
22,23,10,0.2,0,0,1,0
23,24,10,0.2,0,0,1,0
24,25,10,0.2,0,0,1,0
25,26,10,0.2,0,0,1,0
26,27,10,0.2,0,0,1,0
27,28,10,0.2,0,0,1,0
29,30,10,0.2,0,0,1,0
30,31,10,0.2,0,0,1,0
31,32,10,0.2,0,0,1,0
32,33,10,0.2,0,0,1,0
33,34,10,0.2,0,0,1,0
34,35,10,0.2,0,0,1,0
36,37,10,0.2,0,0,1,0
37,38,10,0.2,0,0,1,0
38,39,10,0.2,0,0,1,0
39,40,10,0.2,0,0,1,0
40,41,10,0.2,0,0,1,0
41,42,10,0.2,0,0,1,0
42,43,10,0.2,0,0,1,0
44,45,10,0.2,0,0,1,0
45,46,10,0.2,0,0,1,0
46,47,10,0.2,0,0,1,0
47,48,10,0.2,0,0,1,0
49,50,10,0.2,0,0,1,0
50,51,10,0.2,0,0,1,0
51,52,10,0.2,0,0,1,0
52,53,10,0.2,0,0,1,0
54,55,10,0.2,0,0,1,0
55,56,10,0.2,0,0,1,0
56,57,10,0.2,0,0,1,0
57,58,10,0.2,0,0,1,0
58,59,10,0.2,0,0,1,0
59,60,10,0.2,0,0,1,0
61,62,10,0.2,0,0,1,0
62,63,10,0.2,0,0,1,0
63,64,10,0.2,0,0,1,0
64,65,10,0.2,0,0,1,0
66,67,10,0.2,0,0,1,0
67,68,10,0.2,0,0,1,0
68,69,10,0.2,0,0,1,0
69,70,10,0.2,0,0,1,0
70,71,10,0.2,0,0,1,0
72,73,10,0.2,0,0,1,0
74,75,10,0.2,0,0,1,0
76,77,10,0.2,0,0,1,0
78,79,10,0.2,0,0,1,0
80,81,10,0.2,0,0,1,0
82,83,10,0.2,0,0,1,0
84,85,10,0.2,0,0,1,0
85,86,10,0.2,0,0,1,0
12,19,12,0.2,0,1,0,0
19,28,12,0.2,0,1,0,0
28,35,12,0.2,0,1,0,0
35,43,12,0.2,0,1,0,0
48,53,12,0.2,0,1,0,0
53,60,12,0.2,0,1,0,0
60,65,12,0.2,0,1,0,0
65,71,12,0.2,0,1,0,0
1,12,18,0.3,0,1,0,0
2,12,18,0.3,0,1,0,0
3,12,18,0.3,0,1,0,0
4,12,18,0.3,0,1,0,0
5,12,18,0.3,0,1,0,0
